{
 "type": "GenericCrafter", 
 "name": "Фабрика Електро Кремния", 
 "description": "", 
 "health": 100,
 "size": 2,
 "requirements": [
   {"item": "lead", "amount": 200}, 
   {"item": "stal",  "amount": 300}, 
   {"item": "titanium", "amount": 200}
  ], 
 "research": "steel_factory", 
 "hasPower": true, 
 "hasItems": true, 
 "hasLiquids": false, 
 "craftTime": 90,
    "consumes": {
       "power": 15,
          "items": {
              "items": [
                   {"item": "silicon", "amount": 1}
                ]
            }
    }, 
 "updateEffect": "smeltsmoke", 
 "category": "crafting", 
 "idleSoundVolume": 0.5,
 "itemCapacity": 20,
 "outputItem": {"item": "Electrosilicon", "amount": 1}
}