{
 "type": "GenericCrafter", 
 "name": "Домменая Печь", 
 "description": "Стаааааааль! ", 
 "health": 100,
 "size": 2,
 "requirements": [
   {"item": "lead", "amount": 200}, 
   {"item": "copper",  "amount": 30}, 
   {"item": "titanium", "amount": 50}
  ], 
 "research": "duo", 
 "hasPower": true, 
 "hasItems": true, 
 "hasLiquids": false, 
 "craftTime": 90,
    "consumes": {
       "power": 4,
          "items": {
              "items": [
                   {"item": "copper", "amount": 3}, 
                   {"item": "lead", "amount": 2}
                ]
            }
    }, 
 "updateEffect": "smeltsmoke", 
 "category": "crafting", 
 "idleSoundVolume": 0.5,
 "itemCapacity": 20,
 "outputItem": {"item": "stal", "amount": 1}
}