{
	"type": "ImpactReactor",
	"name": "Улучшенный Импульсный Реактор",
	"description": "Был Улучшен С помощью Карбона, но Медленней Начинает Вырабатывать Энергию",
	"itemCapacity": 30,
 "liquidCapacity": 50,
	"size": 4,
 "buildCostMultiplier": 1.5,
	"heating": 0.05,
 "hasPower": true,
    "powerProduction":  300,
    "itemDuration" : 200,
	"updateEffect": "smeltsmoke",
	"consumes": {
 "power": 50,
		"items": {
			"items": [
				{ "item": "carbon", "amount": 1 },
				{ "item": "chemical-099", "amount": 1 }
			]
		}
 },
	"requirements": [
		{"item": "silicon", "amount": 340},
		{"item": "titanium", "amount": 150 },
  {"item": "stal", "amount": 450},
		{"item": "carbon", "amount": 200}
	],
	"category": "power",
	"research": "NucReactor"
}
