{
	"type": "ItemTurret",
	"name": "Осколок",
	"description":"",
	"size": 3,
	"health": 2400,
	"reloadTime": 120,
	"range": 600,
	"maxAmmo": 5,
	"shots": 1,
	"shootShake": 2,
	"shootSound" : "artillery",
	"recoilAmount" : 2,
	"targetAir" : false, 
	"targetGround" : true,
	
	"ammoTypes": {
		"graphite": {
			"type" : "MissileBulletType",
			"damage": 200,
			"height": 20,
			"width" : 20,
			"speed" : 2,
			"splashDamage": 150,
			"splashDamageRadius": 50,
			"hitEffect":"shockwave",
			"fragBullets": 10,
			"fragBullet": {
					"type" : "BombBulletType",
					"damage": 50,
					"height": 20,
					"width" : 20,
					"velocityInaccuracy": 0.2,
					"speed": 3,
					"splashDamage": 50,
					"splashDamageRadius": 15
				}
			},
		"surge-alloy": {
			"type" : "MissileBulletType",
			"damage": 200,
			"height": 20,
			"width" : 20,
			"speed" : 2,
			"splashDamage": 150,
			"splashDamageRadius": 50,
			"fragBullets": 10,
			"homingPower": 1,
			"homingRange": 50,
			"hitEffect":"shockwave",
			"backColor": "53565c",
			"fragBullet": {
					"type" : "BombBulletType",
					"damage": 50,
					"height": 20,
					"width" : 20,
					"speed": 3,
					"velocityInaccuracy": 0.2,
					"homingPower": 0.5,
					"homingRange": 50,
					"splashDamage": 50,
					"splashDamageRadius": 15,
					"backColor": "53565c"
				}
			},
		"carbon": {
			"type" : "MissileBulletType",
			"damage": 250,
			"height": 20,
			"width" : 20,
			"speed" : 2,
			"splashDamage": 140,
			"splashDamageRadius": 50,
			"fragBullets": 10,
			"incendAmount": 1,
			"hitEffect":"shockwave",
			"frontColor" : "ffaa5f",
			"backColor" : "ffaa5f",
			"fragBullet": {
					"type" : "BombBulletType",
					"damage": 75,
					"height": 20,
					"width" : 20,
					"splashDamage": 50,
					"velocityInaccuracy": 0.2,
					"splashDamageRadius": 15,
					"speed": 3,
					"incendAmount": 1,
					"frontColor" : "ffaa5f",
					"backColor" : "ffaa5f"
				}
			},

		"Electrosilicon": {
			"type" : "MissileBulletType",
			"damage": 200,
			"height": 20,
			"width" : 20,
			"speed" : 2,
			"splashDamage": 150,
			"splashDamageRadius": 50,
			"hitEffect":"shockwave",
			"fragBullets": 10,
			"fragBullet": {
					"type" : "BombBulletType",
					"damage": 50,
					"height": 20,
					"width" : 20,
					"velocityInaccuracy": 0.2,
					"speed": 3,
					"splashDamage": 50,
					"splashDamageRadius": 15,
					"fragBullets": 10,
					"fragBullet": {
						"type" : "BasicBulletType",
						"damage": 15,
						"height": 5,
						"width" : 5,
						"speed" : 2,
						"velocityInaccuracy": 0.2,
						"lifetime": 25
					}
				}
			}
		},	
		
	"requirements": [
		{ "item": "titanium", "amount": 120 }, 
		{ "item": "thorium", "amount": 180 },
		{ "item": "graphite", "amount": 260 }
	],
	"category": "turret",
	"research": "ripple"
}